job_num,n_fold,n_repeat,algorithm,rec,accuracy,sens,spec,bal_accuracy,roc_auc
1,1,1,random_forest,rec_best,0.7631695440460381,0.391304347826087,0.7748858447488585,0.5830950962874727,0.6257163655615114
