job_num,n_fold,n_repeat,algorithm,rec,accuracy,sens,spec,bal_accuracy,roc_auc
66,6,7,random_forest,rec_best,0.7027734170591313,0.5057471264367817,0.712171052631579,0.6089590895341803,0.6435206190764267
