job_num,n_fold,n_repeat,algorithm,rec,accuracy,sens,spec,bal_accuracy,roc_auc
42,2,5,random_forest,rec_best,0.6595017098192477,0.5394736842105263,0.6641298833079655,0.601801783759246,0.654490106544901
