job_num,n_fold,n_repeat,algorithm,rec,accuracy,sens,spec,bal_accuracy,roc_auc
37,7,4,random_forest,rec_best,0.6616465863453815,0.2692307692307692,0.6721649484536083,0.47069785884218873,0.4635656225218081
