job_num,n_fold,n_repeat,algorithm,rec,accuracy,sens,spec,bal_accuracy,roc_auc
55,5,6,random_forest,rec_best,0.7348484848484849,0.3442622950819672,0.7464651389566065,0.5453637170192869,0.6279903445740183
