job_num,n_fold,n_repeat,algorithm,rec,accuracy,sens,spec,bal_accuracy,roc_auc
75,5,8,random_forest,rec_best,0.576138147566719,0.6071428571428571,0.5714285714285714,0.5892857142857142,0.6357721710343772
