job_num,n_fold,n_repeat,algorithm,rec,accuracy,sens,spec,bal_accuracy,roc_auc
70,10,7,random_forest,rec_best,0.7741483901073262,0.4117647058823529,0.7891156462585034,0.6004401760704281,0.6546875893214429
