job_num,n_fold,n_repeat,algorithm,rec,accuracy,sens,spec,bal_accuracy,roc_auc
96,6,10,random_forest,rec_best,0.8393351800554016,0.3157894736842105,0.8534850640113798,0.5846372688477952,0.64993802666932865
