job_num,n_fold,n_repeat,algorithm,rec,accuracy,sens,spec,bal_accuracy,roc_auc
23,3,3,random_forest,rec_best,0.6828820559889858,0.7604166666666666,0.6793086893903024,0.7198626780284845,0.7329322691630661
