job_num,n_fold,n_repeat,algorithm,rec,accuracy,sens,spec,bal_accuracy,roc_auc
10,10,1,random_forest,rec_best,0.6934097421203438,0.17647058823529413,0.7152812344449975,0.4458759113401458,0.3916054226568676
