job_num,n_fold,n_repeat,algorithm,rec,accuracy,sens,spec,bal_accuracy,roc_auc
52,2,6,random_forest,rec_best,0.5844027640671273,0.686046511627907,0.5798969072164949,0.6329717094222009,0.6739061376168785
