job_num,n_fold,n_repeat,algorithm,rec,accuracy,sens,spec,bal_accuracy,roc_auc
93,3,10,random_forest,rec_best,0.7157001414427157,0.36283185840707965,0.7355577689243028,0.5491948136656912,0.5675131333074781
