job_num,n_fold,n_repeat,algorithm,rec,accuracy,sens,spec,bal_accuracy,roc_auc
53,3,6,random_forest,rec_best,0.7600758653390233,0.375,0.773686794305351,0.5743433971526755,0.6325069546719031
