job_num,n_fold,n_repeat,algorithm,rec,accuracy,sens,spec,bal_accuracy,roc_auc
90,10,9,random_forest,rec_best,0.7087834664161579,0.7647058823529411,0.7074109720885466,0.7360584272207439,0.8326728188869388
