job_num,n_fold,n_repeat,algorithm,rec,accuracy,sens,spec,bal_accuracy,roc_auc
40,10,4,random_forest,rec_best,0.7198228128460686,0.5681818181818182,0.7408575031525851,0.6545196606672017,0.7029132752493408
