job_num,n_fold,n_repeat,algorithm,rec,accuracy,sens,spec,bal_accuracy,roc_auc
17,7,2,random_forest,rec_best,0.6366797044763146,0.3333333333333333,0.6427304964539007,0.48803191489361697,0.535332939322301
