job_num,n_fold,n_repeat,algorithm,rec,accuracy,sens,spec,bal_accuracy,roc_auc
18,8,2,random_forest,rec_best,0.7077649527806925,0.5342465753424658,0.7221590909090909,0.6282028331257783,0.680456102117061
