job_num,n_fold,n_repeat,algorithm,rec,accuracy,sens,spec,bal_accuracy,roc_auc
43,3,5,random_forest,rec_best,0.6430939226519337,0.49230769230769234,0.6547619047619048,0.5735347985347985,0.5911813186813187
