job_num,n_fold,n_repeat,algorithm,rec,accuracy,sens,spec,bal_accuracy,roc_auc
98,8,10,random_forest,rec_best,0.6482504604051565,0.6033057851239669,0.6509019990248659,0.6271038920744164,0.6897723746932558
