job_num,n_fold,n_repeat,algorithm,rec,accuracy,sens,spec,bal_accuracy,roc_auc
84,4,9,random_forest,rec_best,0.7323503127792672,0.2923076923076923,0.7455131155085136,0.518910403908103,0.5771283939254487
