job_num,n_fold,n_repeat,algorithm,rec,accuracy,sens,spec,bal_accuracy,roc_auc
69,9,7,random_forest,rec_best,0.7215007215007215,0.5142857142857142,0.7325227963525835,0.6234042553191489,0.697599749119506
