job_num,n_fold,n_repeat,algorithm,rec,accuracy,sens,spec,bal_accuracy,roc_auc
36,6,4,random_forest,rec_best,0.6840521564694082,0.7956989247311828,0.67859021567596,0.7371445702035714,0.8236553483452399
