job_num,n_fold,n_repeat,algorithm,rec,accuracy,sens,spec,bal_accuracy,roc_auc
24,4,3,random_forest,rec_best,0.7093525179856115,0.3048780487804878,0.72591113330005,0.5153945910402689,0.5092057036396624
