job_num,n_fold,n_repeat,algorithm,rec,accuracy,sens,spec,bal_accuracy,roc_auc
91,1,10,random_forest,rec_best,0.6395147313691508,0.6197183098591549,0.6401430487259723,0.6299306792925636,0.6760154129965308
