job_num,n_fold,n_repeat,algorithm,rec,accuracy,sens,spec,bal_accuracy,roc_auc
80,10,8,random_forest,rec_best,0.6944172380019589,0.5106382978723404,0.6987468671679198,0.6046925825201301,0.6320961979416627
