job_num,n_fold,n_repeat,algorithm,rec,accuracy,sens,spec,bal_accuracy,roc_auc
79,9,8,random_forest,rec_best,0.7469166255550074,0.6578947368421053,0.7503844182470528,0.7041395775445791,0.7609323154117996
