job_num,n_fold,n_repeat,algorithm,rec,accuracy,sens,spec,bal_accuracy,roc_auc
30,10,3,random_forest,rec_best,0.749868073878628,0.34285714285714286,0.7823361823361823,0.5625966625966625,0.6091290191290192
