job_num,n_fold,n_repeat,algorithm,rec,accuracy,sens,spec,bal_accuracy,roc_auc
19,9,2,random_forest,rec_best,0.7441415590626494,0.6239316239316239,0.7512664640324215,0.6875990439820228,0.7644485144485145
