job_num,n_fold,n_repeat,algorithm,rec,accuracy,sens,spec,bal_accuracy,roc_auc
67,7,7,random_forest,rec_best,0.7617079889807162,0.16,0.7758458646616542,0.4679229323308271,0.48695958646616544
