job_num,n_fold,n_repeat,algorithm,rec,accuracy,sens,spec,bal_accuracy,roc_auc
38,8,4,random_forest,rec_best,0.7133670188332568,0.6320754716981132,0.7175277643650411,0.6748016180315771,0.724554266920547
