job_num,n_fold,n_repeat,algorithm,rec,accuracy,sens,spec,bal_accuracy,roc_auc
31,1,4,random_forest,rec_best,0.6857410881801126,0.7529411764705882,0.6829506595017099,0.717945917986149,0.737604528865772
