job_num,n_fold,n_repeat,algorithm,rec,accuracy,sens,spec,bal_accuracy,roc_auc
97,7,10,random_forest,rec_best,0.8259045621394862,0.43352601156069365,0.8650519031141869,0.6492889573374403,0.7039255688674654
