job_num,n_fold,n_repeat,algorithm,rec,accuracy,sens,spec,bal_accuracy,roc_auc
92,2,10,random_forest,rec_best,0.779874213836478,0.6343283582089553,0.7908680947012401,0.7125982264550976,0.7570504299247842
