job_num,n_fold,n_repeat,algorithm,rec,accuracy,sens,spec,bal_accuracy,roc_auc
39,9,4,random_forest,rec_best,0.8088930936613056,0.1834862385321101,0.8428927680798005,0.5131895033059553,0.6293097531400855
