job_num,n_fold,n_repeat,algorithm,rec,accuracy,sens,spec,bal_accuracy,roc_auc
25,5,3,random_forest,rec_best,0.7216216216216216,0.4819277108433735,0.7328805885681947,0.607404149705784,0.667662159674351
