job_num,n_fold,n_repeat,algorithm,rec,accuracy,sens,spec,bal_accuracy,roc_auc
13,3,2,random_forest,rec_best,0.7966700302724521,0.48672566371681414,0.8154093097913323,0.6510674867540732,0.7064399589009314
