job_num,n_fold,n_repeat,algorithm,rec,accuracy,sens,spec,bal_accuracy,roc_auc
60,10,6,random_forest,rec_best,0.7769633507853403,0.6133333333333333,0.7909090909090909,0.7021212121212121,0.7676950757575758
