job_num,n_fold,n_repeat,algorithm,rec,accuracy,sens,spec,bal_accuracy,roc_auc
56,6,6,random_forest,rec_best,0.7147540983606557,0.3630573248407643,0.7477585176329946,0.5554079212368794,0.591606671717537
