job_num,n_fold,n_repeat,algorithm,rec,accuracy,sens,spec,bal_accuracy,roc_auc
89,9,9,random_forest,rec_best,0.6771573604060914,0.4157303370786517,0.6895268474215842,0.552628592250118,0.5820326266807638
