job_num,n_fold,n_repeat,algorithm,rec,accuracy,sens,spec,bal_accuracy,roc_auc
9,9,1,random_forest,rec_best,0.7370775347912525,0.35374149659863946,0.7672922252010724,0.560516860899856,0.5977075012310554
