job_num,n_fold,n_repeat,algorithm,rec,accuracy,sens,spec,bal_accuracy,roc_auc
4,4,1,random_forest,rec_best,0.6681704260651629,0.6853146853146853,0.6668466522678186,0.676080668791252,0.7182577142080382
