job_num,n_fold,n_repeat,algorithm,rec,accuracy,sens,spec,bal_accuracy,roc_auc
2,2,1,random_forest,rec_best,0.7347407067462138,0.6382978723404256,0.7368667917448405,0.6875823320426331,0.718149974052932
