job_num,n_fold,n_repeat,algorithm,rec,accuracy,sens,spec,bal_accuracy,roc_auc
7,7,1,random_forest,rec_best,0.762855716425362,0.4782608695652174,0.7765567765567766,0.627408823060997,0.7069170477555571
