job_num,n_fold,n_repeat,algorithm,rec,accuracy,sens,spec,bal_accuracy,roc_auc
49,9,5,random_forest,rec_best,0.7262621584066697,0.712,0.7271386430678466,0.7195693215339233,0.7660570304818093
