job_num,n_fold,n_repeat,algorithm,rec,accuracy,sens,spec,bal_accuracy,roc_auc
8,8,1,random_forest,rec_best,0.7237373737373738,0.7766990291262136,0.7208311134789558,0.7487650713025846,0.8012605324547021
