job_num,n_fold,n_repeat,algorithm,rec,accuracy,sens,spec,bal_accuracy,roc_auc
95,5,10,random_forest,rec_best,0.7390219560878244,0.20618556701030927,0.7661248033560566,0.4861551851831829,0.5382259607847377
