job_num,n_fold,n_repeat,algorithm,rec,accuracy,sens,spec,bal_accuracy,roc_auc
76,6,8,random_forest,rec_best,0.7312252964426877,0.41379310344827586,0.750524109014675,0.5821586062314754,0.6308781536904504
