job_num,n_fold,n_repeat,algorithm,rec,accuracy,sens,spec,bal_accuracy,roc_auc
87,7,9,random_forest,rec_best,0.7805232558139535,0.5351351351351351,0.8046833422032996,0.6699092386692174,0.760339743681947
