job_num,n_fold,n_repeat,algorithm,rec,accuracy,sens,spec,bal_accuracy,roc_auc
54,4,6,random_forest,rec_best,0.5914811229428848,0.363013698630137,0.6088541666666667,0.48593393264840185,0.4940193350456621
