job_num,n_fold,n_repeat,algorithm,rec,accuracy,sens,spec,bal_accuracy,roc_auc
62,2,7,random_forest,rec_best,0.708122992198256,0.3707865168539326,0.722488038277512,0.5466372775657222,0.5484812644481479
