job_num,n_fold,n_repeat,algorithm,rec,accuracy,sens,spec,bal_accuracy,roc_auc
68,8,7,random_forest,rec_best,0.7307885484681065,0.5655737704918032,0.7415730337078652,0.6535734020998343,0.6879544597356348
