job_num,n_fold,n_repeat,algorithm,rec,accuracy,sens,spec,bal_accuracy,roc_auc
85,5,9,random_forest,rec_best,0.7003666841278157,0.3153153153153153,0.7241379310344828,0.519726623174899,0.5657687721091503
