job_num,n_fold,n_repeat,algorithm,rec,accuracy,sens,spec,bal_accuracy,roc_auc
32,2,4,random_forest,rec_best,0.7754010695187166,0.17482517482517482,0.8202716823406478,0.4975484285829113,0.5486258777794828
