job_num,n_fold,n_repeat,algorithm,rec,accuracy,sens,spec,bal_accuracy,roc_auc
58,8,6,random_forest,rec_best,0.6755625327053898,0.5966386554621849,0.6808035714285714,0.6387211134453781,0.6628713985594238
