job_num,n_fold,n_repeat,algorithm,rec,accuracy,sens,spec,bal_accuracy,roc_auc
73,3,8,random_forest,rec_best,0.7039693926351028,0.5655172413793104,0.7142857142857143,0.6399014778325123,0.6878583832441436
