job_num,n_fold,n_repeat,algorithm,rec,accuracy,sens,spec,bal_accuracy,roc_auc
5,5,1,random_forest,rec_best,0.706472654290015,0.6101694915254238,0.7125333333333334,0.6613514124293786,0.7025875706214689
