job_num,n_fold,n_repeat,algorithm,rec,accuracy,sens,spec,bal_accuracy,roc_auc
94,4,10,random_forest,rec_best,0.685336048879837,0.5164835164835165,0.6935397757608115,0.605011646122164,0.6312667578017285
