job_num,n_fold,n_repeat,algorithm,rec,accuracy,sens,spec,bal_accuracy,roc_auc
61,1,7,random_forest,rec_best,0.7378917378917379,0.3445378151260504,0.7614494212380473,0.5529936181820488,0.5783855565376629
