job_num,n_fold,n_repeat,algorithm,rec,accuracy,sens,spec,bal_accuracy,roc_auc
81,1,9,random_forest,rec_best,0.7433665008291874,0.26229508196721313,0.7558485750744364,0.5090718285208248,0.5669613906883014
