job_num,n_fold,n_repeat,algorithm,rec,accuracy,sens,spec,bal_accuracy,roc_auc
77,7,8,random_forest,rec_best,0.7321951219512195,0.21212121212121213,0.7494959677419355,0.4808085899315738,0.45194510630498536
