job_num,n_fold,n_repeat,algorithm,rec,accuracy,sens,spec,bal_accuracy,roc_auc
50,10,5,random_forest,rec_best,0.6604060913705584,0.2987012987012987,0.691079295154185,0.49489029692774184,0.4795540362720979
