job_num,n_fold,n_repeat,algorithm,rec,accuracy,sens,spec,bal_accuracy,roc_auc
20,10,2,random_forest,rec_best,0.6478578892371996,0.30434782608695654,0.6652030735455543,0.4847754498162554,0.505649548990598
