job_num,n_fold,n_repeat,algorithm,rec,accuracy,sens,spec,bal_accuracy,roc_auc
86,6,9,random_forest,rec_best,0.763516690173954,0.6176470588235294,0.7708641975308642,0.6942556281771968,0.7709900750423626
