job_num,n_fold,n_repeat,algorithm,rec,accuracy,sens,spec,bal_accuracy,roc_auc
11,1,2,random_forest,rec_best,0.7452705675318961,0.36538461538461536,0.7541647906348492,0.5597747030097323,0.5710482111315069
