job_num,n_fold,n_repeat,algorithm,rec,accuracy,sens,spec,bal_accuracy,roc_auc
82,2,9,random_forest,rec_best,0.7399794450154162,0.5966386554621849,0.7493158182813355,0.6729772368717601,0.7106221799064454
