job_num,n_fold,n_repeat,algorithm,rec,accuracy,sens,spec,bal_accuracy,roc_auc
41,1,5,random_forest,rec_best,0.683392539964476,0.5806451612903226,0.6878184344603984,0.6342317978753604,0.7185923391454626
