job_num,n_fold,n_repeat,algorithm,rec,accuracy,sens,spec,bal_accuracy,roc_auc
65,5,7,random_forest,rec_best,0.6690537084398976,0.4863013698630137,0.6838032061912659,0.5850522880271398,0.6280261553723013
