job_num,n_fold,n_repeat,algorithm,rec,accuracy,sens,spec,bal_accuracy,roc_auc
71,1,8,random_forest,rec_best,0.7157894736842105,0.30612244897959184,0.72562469377756,0.5158735713785759,0.5413312801847834
