job_num,n_fold,n_repeat,algorithm,rec,accuracy,sens,spec,bal_accuracy,roc_auc
64,4,7,random_forest,rec_best,0.667953667953668,0.6909090909090909,0.6666666666666666,0.6787878787878787,0.7340353072004449
