job_num,n_fold,n_repeat,algorithm,rec,accuracy,sens,spec,bal_accuracy,roc_auc
100,10,10,random_forest,rec_best,0.751716851558373,0.5795454545454546,0.7601108033240997,0.6698281289347772,0.7204199194157643
