job_num,n_fold,n_repeat,algorithm,rec,accuracy,sens,spec,bal_accuracy,roc_auc
44,4,5,random_forest,rec_best,0.6835034927458356,0.6587301587301587,0.6853025936599424,0.6720163761950506,0.7054297607611728
