job_num,n_fold,n_repeat,algorithm,rec,accuracy,sens,spec,bal_accuracy,roc_auc
3,3,1,random_forest,rec_best,0.6927184466019417,0.2751677852348993,0.7252747252747253,0.5002212552548123,0.5170805544726925
