job_num,n_fold,n_repeat,algorithm,rec,accuracy,sens,spec,bal_accuracy,roc_auc
35,5,4,random_forest,rec_best,0.7394296951819076,0.5968992248062015,0.7490813648293964,0.6729902948177989,0.7188427028016847
