job_num,n_fold,n_repeat,algorithm,rec,accuracy,sens,spec,bal_accuracy,roc_auc
34,4,4,random_forest,rec_best,0.7540821375556656,0.5813953488372093,0.7578361981799798,0.6696157735085946,0.6542020363533755
