job_num,n_fold,n_repeat,algorithm,rec,accuracy,sens,spec,bal_accuracy,roc_auc
15,5,2,random_forest,rec_best,0.7453617810760668,0.7516778523489933,0.7448928749377179,0.7482853636433556,0.8074908959581064
