job_num,n_fold,n_repeat,algorithm,rec,accuracy,sens,spec,bal_accuracy,roc_auc
88,8,9,random_forest,rec_best,0.7435046987285793,0.6707317073170732,0.7469600463231036,0.7088458768200885,0.777899783919669
