job_num,n_fold,n_repeat,algorithm,rec,accuracy,sens,spec,bal_accuracy,roc_auc
22,2,3,random_forest,rec_best,0.7580567580567581,0.37142857142857144,0.7786220871327254,0.5750253292806484,0.6595334587735804
