job_num,n_fold,n_repeat,algorithm,rec,accuracy,sens,spec,bal_accuracy,roc_auc
28,8,3,random_forest,rec_best,0.6893905191873589,0.3333333333333333,0.6937842778793418,0.5135588056063376,0.6505179768433882
