job_num,n_fold,n_repeat,algorithm,rec,accuracy,sens,spec,bal_accuracy,roc_auc
46,6,5,random_forest,rec_best,0.743963782696177,0.37606837606837606,0.7669695350080171,0.5715189555381965,0.6047865075123225
