job_num,n_fold,n_repeat,algorithm,rec,accuracy,sens,spec,bal_accuracy,roc_auc
21,1,3,random_forest,rec_best,0.704119850187266,0.7522123893805309,0.7014335145823035,0.7268229519814172,0.7863245246042196
