job_num,n_fold,n_repeat,algorithm,rec,accuracy,sens,spec,bal_accuracy,roc_auc
74,4,8,random_forest,rec_best,0.6393523061825319,0.6434108527131783,0.6390780513357779,0.6412444520244781,0.7123032067603071
