job_num,n_fold,n_repeat,algorithm,rec,accuracy,sens,spec,bal_accuracy,roc_auc
26,6,3,random_forest,rec_best,0.6813559322033899,0.6326530612244898,0.6837824097610574,0.6582177354927736,0.7182231306350705
