job_num,n_fold,n_repeat,algorithm,rec,accuracy,sens,spec,bal_accuracy,roc_auc
27,7,3,random_forest,rec_best,0.7637172516065249,0.35443037974683544,0.7983914209115281,0.5764109003291817,0.6155920181898394
