job_num,n_fold,n_repeat,algorithm,rec,accuracy,sens,spec,bal_accuracy,roc_auc
47,7,5,random_forest,rec_best,0.6968706212050444,0.6043956043956044,0.7009756097560975,0.6526856070758509,0.7265264004288394
