job_num,n_fold,n_repeat,algorithm,rec,accuracy,sens,spec,bal_accuracy,roc_auc
83,3,9,random_forest,rec_best,0.6255060728744939,0.25,0.6594922737306843,0.45474613686534215,0.45706637322995747
