job_num,n_fold,n_repeat,algorithm,rec,accuracy,sens,spec,bal_accuracy,roc_auc
33,3,4,random_forest,rec_best,0.7669773635153129,0.20408163265306123,0.779491833030853,0.4917867328419571,0.5800353716804326
