job_num,n_fold,n_repeat,algorithm,rec,accuracy,sens,spec,bal_accuracy,roc_auc
99,9,10,random_forest,rec_best,0.71408516612073,0.47619047619047616,0.7238188017535314,0.6000046389720037,0.6443416138983601
