job_num,n_fold,n_repeat,algorithm,rec,accuracy,sens,spec,bal_accuracy,roc_auc
7,7,1,glmnet,rec_active,0.7768347478781827,0.391304347826087,0.7953950811093669,0.5933497144677269,0.629416649602985
