job_num,n_fold,n_repeat,algorithm,rec,accuracy,sens,spec,bal_accuracy,roc_auc
1,1,1,glmnet,rec_active,0.6069057104913679,0.6231884057971014,0.6063926940639269,0.6147905499305142,0.6165111508172855
