job_num,n_fold,n_repeat,algorithm,rec,accuracy,sens,spec,bal_accuracy,roc_auc
47,7,5,glmnet,rec_active,0.726296123306866,0.6043956043956044,0.7317073170731707,0.6680514607343875,0.7363870276065397
