job_num,n_fold,n_repeat,algorithm,rec,accuracy,sens,spec,bal_accuracy,roc_auc
31,1,4,glmnet,rec_active,0.8283302063789869,0.611764705882353,0.8373229115779189,0.7245438087301359,0.8034656168280697
