job_num,n_fold,n_repeat,algorithm,rec,accuracy,sens,spec,bal_accuracy,roc_auc
79,9,8,glmnet,rec_active,0.8371978293043907,0.42105263157894735,0.8534085084572014,0.6372305700180744,0.7472213979335833
