job_num,n_fold,n_repeat,algorithm,rec,accuracy,sens,spec,bal_accuracy,roc_auc
55,5,6,glmnet,rec_active,0.8598484848484849,0.3770491803278688,0.8742077035592394,0.625628441943554,0.6294850173046335
