job_num,n_fold,n_repeat,algorithm,rec,accuracy,sens,spec,bal_accuracy,roc_auc
76,6,8,glmnet,rec_active,0.767292490118577,0.35344827586206895,0.7924528301886793,0.5729505530253741,0.5849847285476758
