job_num,n_fold,n_repeat,algorithm,rec,accuracy,sens,spec,bal_accuracy,roc_auc
71,1,8,glmnet,rec_active,0.7736842105263158,0.30612244897959184,0.7849093581577657,0.5455159035686787,0.5609595136437721
