job_num,n_fold,n_repeat,algorithm,rec,accuracy,sens,spec,bal_accuracy,roc_auc
15,5,2,glmnet,rec_active,0.7973098330241187,0.5234899328859061,0.8176382660687593,0.6705640994773328,0.7473874994565999
