job_num,n_fold,n_repeat,algorithm,rec,accuracy,sens,spec,bal_accuracy,roc_auc
3,3,1,glmnet,rec_active,0.5966019417475729,0.3422818791946309,0.6164311878597593,0.4793565335271951,0.5054734335654758
