job_num,n_fold,n_repeat,algorithm,rec,accuracy,sens,spec,bal_accuracy,roc_auc
91,1,10,glmnet,rec_active,0.7149046793760832,0.4225352112676056,0.7241841752346894,0.5733596932511476,0.55337568549428
