job_num,n_fold,n_repeat,algorithm,rec,accuracy,sens,spec,bal_accuracy,roc_auc
53,3,6,glmnet,rec_active,0.6780464675201517,0.3888888888888889,0.68826705940108,0.5385779741449844,0.5989267986690667
