job_num,n_fold,n_repeat,algorithm,rec,accuracy,sens,spec,bal_accuracy,roc_auc
90,10,9,glmnet,rec_active,0.7595115077501174,0.6274509803921569,0.762752646775746,0.6951018135839514,0.7024193700579365
