job_num,n_fold,n_repeat,algorithm,rec,accuracy,sens,spec,bal_accuracy,roc_auc
4,4,1,glmnet,rec_active,0.7944862155388471,0.6293706293706294,0.8072354211663066,0.718303025268468,0.7515405760546149
