job_num,n_fold,n_repeat,algorithm,rec,accuracy,sens,spec,bal_accuracy,roc_auc
20,10,2,glmnet,rec_active,0.6285266457680251,0.6413043478260869,0.6278814489571899,0.6345928983916385,0.6475027442371021
