job_num,n_fold,n_repeat,algorithm,rec,accuracy,sens,spec,bal_accuracy,roc_auc
45,5,5,glmnet,rec_active,0.5221198156682028,0.3,0.5273584905660378,0.4136792452830189,0.4048443396226415
