job_num,n_fold,n_repeat,algorithm,rec,accuracy,sens,spec,bal_accuracy,roc_auc
30,10,3,glmnet,rec_active,0.7213720316622692,0.4,0.747008547008547,0.5735042735042735,0.6198046398046398
