job_num,n_fold,n_repeat,algorithm,rec,accuracy,sens,spec,bal_accuracy,roc_auc
29,9,3,glmnet,rec_active,0.6829030686799805,0.4645669291338583,0.6973001038421599,0.5809335164880091,0.602768987988651
