job_num,n_fold,n_repeat,algorithm,rec,accuracy,sens,spec,bal_accuracy,roc_auc
81,1,9,glmnet,rec_active,0.7570480928689884,0.06557377049180328,0.7749893662271374,0.42028156835947034,0.42241878238071
