job_num,n_fold,n_repeat,algorithm,rec,accuracy,sens,spec,bal_accuracy,roc_auc
32,2,4,glmnet,rec_active,0.8371414681575109,0.3916083916083916,0.8704284221525601,0.6310184068804758,0.7052798298879803
