job_num,n_fold,n_repeat,algorithm,rec,accuracy,sens,spec,bal_accuracy,roc_auc
62,2,7,glmnet,rec_active,0.5195043597980725,0.4943820224719101,0.5205741626794258,0.5074780925756679,0.5267808182355788
