job_num,n_fold,n_repeat,algorithm,rec,accuracy,sens,spec,bal_accuracy,roc_auc
94,4,10,glmnet,rec_active,0.7398167006109979,0.3956043956043956,0.7565403096636412,0.5760723526340183,0.6357227929571763
