job_num,n_fold,n_repeat,algorithm,rec,accuracy,sens,spec,bal_accuracy,roc_auc
10,10,1,glmnet,rec_active,0.7067812798471824,0.3764705882352941,0.7207565953210553,0.5486135917781747,0.5806517729042837
