job_num,n_fold,n_repeat,algorithm,rec,accuracy,sens,spec,bal_accuracy,roc_auc
41,1,5,glmnet,rec_active,0.705595026642984,0.5806451612903226,0.7109773043075498,0.6458112327989363,0.6879379641112223
