job_num,n_fold,n_repeat,algorithm,rec,accuracy,sens,spec,bal_accuracy,roc_auc
26,6,3,glmnet,rec_active,0.6697336561743341,0.6224489795918368,0.672089476359939,0.6472692279758878,0.6842544847120343
