job_num,n_fold,n_repeat,algorithm,rec,accuracy,sens,spec,bal_accuracy,roc_auc
63,3,7,glmnet,rec_active,0.7858596134282808,0.5172413793103449,0.8027027027027027,0.6599720410065237,0.6910181733457595
