job_num,n_fold,n_repeat,algorithm,rec,accuracy,sens,spec,bal_accuracy,roc_auc
56,6,6,glmnet,rec_active,0.7639344262295082,0.3503184713375796,0.8027495517035266,0.5765340115205531,0.5981226752353794
