job_num,n_fold,n_repeat,algorithm,rec,accuracy,sens,spec,bal_accuracy,roc_auc
21,1,3,glmnet,rec_active,0.7289325842696629,0.46017699115044247,0.7439446366782007,0.6020608139143215,0.6794605400723538
