job_num,n_fold,n_repeat,algorithm,rec,accuracy,sens,spec,bal_accuracy,roc_auc
34,4,4,glmnet,rec_active,0.8189015338941118,0.5116279069767442,0.8255813953488372,0.6686046511627908,0.7777999858913162
