job_num,n_fold,n_repeat,algorithm,rec,accuracy,sens,spec,bal_accuracy,roc_auc
69,9,7,glmnet,rec_active,0.7532467532467533,0.3619047619047619,0.7740628166160081,0.567983789260385,0.6853524388478796
