job_num,n_fold,n_repeat,algorithm,rec,accuracy,sens,spec,bal_accuracy,roc_auc
82,2,9,glmnet,rec_active,0.60431654676259,0.5882352941176471,0.6053639846743295,0.5967996393959882,0.6148160413590724
