job_num,n_fold,n_repeat,algorithm,rec,accuracy,sens,spec,bal_accuracy,roc_auc
87,7,9,glmnet,rec_active,0.7848837209302325,0.518918918918919,0.8110697179350719,0.6649943184269954,0.714262905800958
