job_num,n_fold,n_repeat,algorithm,rec,accuracy,sens,spec,bal_accuracy,roc_auc
75,5,8,glmnet,rec_active,0.6431187859759289,0.5595238095238095,0.6558167570825799,0.6076702833031947,0.6721681640307319
