job_num,n_fold,n_repeat,algorithm,rec,accuracy,sens,spec,bal_accuracy,roc_auc
60,10,6,glmnet,rec_active,0.7931937172774869,0.48,0.8198863636363637,0.6499431818181818,0.7356022727272727
