job_num,n_fold,n_repeat,algorithm,rec,accuracy,sens,spec,bal_accuracy,roc_auc
28,8,3,glmnet,rec_active,0.7729119638826185,0.2222222222222222,0.779707495429616,0.5009648588259191,0.5510782720563342
