job_num,n_fold,n_repeat,algorithm,rec,accuracy,sens,spec,bal_accuracy,roc_auc
59,9,6,glmnet,rec_active,0.746077032810271,0.2727272727272727,0.7694610778443114,0.521094175285792,0.576972317990282
