job_num,n_fold,n_repeat,algorithm,rec,accuracy,sens,spec,bal_accuracy,roc_auc
39,9,4,glmnet,rec_active,0.7161778618732261,0.24770642201834864,0.741645885286783,0.4946761536525658,0.543773593539088
