job_num,n_fold,n_repeat,algorithm,rec,accuracy,sens,spec,bal_accuracy,roc_auc
100,10,10,glmnet,rec_active,0.8705758055995774,0.5340909090909091,0.8869806094182825,0.7105357592545958,0.811102367161924
