job_num,n_fold,n_repeat,algorithm,rec,accuracy,sens,spec,bal_accuracy,roc_auc
97,7,10,glmnet,rec_active,0.7073938122705821,0.6473988439306358,0.7133794694348328,0.6803891566827343,0.7534152049122947
