job_num,n_fold,n_repeat,algorithm,rec,accuracy,sens,spec,bal_accuracy,roc_auc
36,6,4,glmnet,rec_active,0.6484453360080241,0.6236559139784946,0.6496580746975276,0.6366569943380112,0.7159389794844818
