job_num,n_fold,n_repeat,algorithm,rec,accuracy,sens,spec,bal_accuracy,roc_auc
17,7,2,glmnet,rec_active,0.7635810517166449,0.26666666666666666,0.7734929078014184,0.5200797872340426,0.5564223798266351
