job_num,n_fold,n_repeat,algorithm,rec,accuracy,sens,spec,bal_accuracy,roc_auc
57,7,6,glmnet,rec_active,0.7448694029850746,0.2653061224489796,0.7560859188544152,0.5106960206516974,0.4835565729871901
