job_num,n_fold,n_repeat,algorithm,rec,accuracy,sens,spec,bal_accuracy,roc_auc
52,2,6,glmnet,rec_active,0.6416584402764067,0.8372093023255814,0.6329896907216495,0.7350994965236155,0.8596199952049869
