job_num,n_fold,n_repeat,algorithm,rec,accuracy,sens,spec,bal_accuracy,roc_auc
58,8,6,glmnet,rec_active,0.6410256410256411,0.3949579831932773,0.6573660714285714,0.5261620273109243,0.612373855792317
