job_num,n_fold,n_repeat,algorithm,rec,accuracy,sens,spec,bal_accuracy,roc_auc
9,9,1,glmnet,rec_active,0.8056660039761432,0.3129251700680272,0.8445040214477212,0.5787145957578742,0.6406230052342653
