job_num,n_fold,n_repeat,algorithm,rec,accuracy,sens,spec,bal_accuracy,roc_auc
48,8,5,glmnet,rec_active,0.8143904674610449,0.208955223880597,0.8335697399527187,0.5212624819166578,0.5353586676546346
