job_num,n_fold,n_repeat,algorithm,rec,accuracy,sens,spec,bal_accuracy,roc_auc
86,6,9,glmnet,rec_active,0.7569346497414199,0.27450980392156865,0.7812345679012346,0.5278721859114016,0.5243669813604455
