job_num,n_fold,n_repeat,algorithm,rec,accuracy,sens,spec,bal_accuracy,roc_auc
35,5,4,glmnet,rec_active,0.7733529990167158,0.4806201550387597,0.7931758530183727,0.6368980040285662,0.6442735355754949
