job_num,n_fold,n_repeat,algorithm,rec,accuracy,sens,spec,bal_accuracy,roc_auc
37,7,4,glmnet,rec_active,0.5943775100401606,0.5384615384615384,0.5958762886597938,0.5671689135606661,0.5957622918318795
