job_num,n_fold,n_repeat,algorithm,rec,accuracy,sens,spec,bal_accuracy,roc_auc
77,7,8,glmnet,rec_active,0.8648780487804878,0.10606060606060606,0.8901209677419355,0.4980907869012708,0.42371548142717497
