job_num,n_fold,n_repeat,algorithm,rec,accuracy,sens,spec,bal_accuracy,roc_auc
38,8,4,glmnet,rec_active,0.7891593936610014,0.7264150943396226,0.7923708353452439,0.7593929648424332,0.8026475223891476
