job_num,n_fold,n_repeat,algorithm,rec,accuracy,sens,spec,bal_accuracy,roc_auc
42,2,5,glmnet,rec_active,0.747923790913532,0.40789473684210525,0.76103500761035,0.5844648722262277,0.6386552377900612
