job_num,n_fold,n_repeat,algorithm,rec,accuracy,sens,spec,bal_accuracy,roc_auc
98,8,10,glmnet,rec_active,0.7329650092081031,0.5619834710743802,0.7430521696733301,0.6525178203738551,0.7158692997973172
