job_num,n_fold,n_repeat,algorithm,rec,accuracy,sens,spec,bal_accuracy,roc_auc
14,4,2,glmnet,rec_active,0.8048180924287119,0.21428571428571427,0.8258655804480651,0.5200756473668897,0.544548297934245
