job_num,n_fold,n_repeat,algorithm,rec,accuracy,sens,spec,bal_accuracy,roc_auc
8,8,1,glmnet,rec_active,0.7151515151515152,0.6310679611650486,0.7197655833777304,0.6754167722713895,0.7276536096125298
