job_num,n_fold,n_repeat,algorithm,rec,accuracy,sens,spec,bal_accuracy,roc_auc
24,4,3,glmnet,rec_active,0.8019184652278177,0.5121951219512195,0.8137793310034948,0.6629872264773571,0.746599612775958
