job_num,n_fold,n_repeat,algorithm,rec,accuracy,sens,spec,bal_accuracy,roc_auc
44,4,5,glmnet,rec_active,0.816227834497582,0.6190476190476191,0.8305475504322767,0.7247975847399479,0.7847811170577741
