job_num,n_fold,n_repeat,algorithm,rec,accuracy,sens,spec,bal_accuracy,roc_auc
19,9,2,glmnet,rec_active,0.7097082735533238,0.41025641025641024,0.7274569402228976,0.568856675239654,0.6328012019501381
