job_num,n_fold,n_repeat,algorithm,rec,accuracy,sens,spec,bal_accuracy,roc_auc
27,7,3,glmnet,rec_active,0.6658428077113199,0.44936708860759494,0.6841823056300268,0.5667746971188109,0.5646112600536193
