job_num,n_fold,n_repeat,algorithm,rec,accuracy,sens,spec,bal_accuracy,roc_auc
16,6,2,glmnet,rec_active,0.6161825726141079,0.38323353293413176,0.6382737081203862,0.5107536205272589,0.522114204300088
