job_num,n_fold,n_repeat,algorithm,rec,accuracy,sens,spec,bal_accuracy,roc_auc
22,2,3,glmnet,rec_active,0.8893698893698894,0.3333333333333333,0.9189463019250254,0.6261398176291794,0.7295435904858397
