job_num,n_fold,n_repeat,algorithm,rec,accuracy,sens,spec,bal_accuracy,roc_auc
54,4,6,glmnet,rec_active,0.728460793804453,0.3356164383561644,0.7583333333333333,0.5469748858447488,0.6286601027397261
