job_num,n_fold,n_repeat,algorithm,rec,accuracy,sens,spec,bal_accuracy,roc_auc
73,3,8,glmnet,rec_active,0.6743185078909613,0.5793103448275863,0.6813977389516958,0.630354041889641,0.6659956763653117
