job_num,n_fold,n_repeat,algorithm,rec,accuracy,sens,spec,bal_accuracy,roc_auc
96,6,10,glmnet,rec_active,0.8393351800554016,0.3508771929824561,0.8525367472735894,0.6017069701280228,0.6529951003635214
