job_num,n_fold,n_repeat,algorithm,rec,accuracy,sens,spec,bal_accuracy,roc_auc
80,10,8,glmnet,rec_active,0.7061704211557297,0.425531914893617,0.7127819548872181,0.5691569348904175,0.4941236068895643
