job_num,n_fold,n_repeat,algorithm,rec,accuracy,sens,spec,bal_accuracy,roc_auc
33,3,4,glmnet,rec_active,0.6657789613848203,0.12244897959183673,0.677858439201452,0.40015370939664435,0.2840197785103152
