job_num,n_fold,n_repeat,algorithm,rec,accuracy,sens,spec,bal_accuracy,roc_auc
13,3,2,glmnet,rec_active,0.8264379414732593,0.4690265486725664,0.8480470840021401,0.6585368163373533,0.6498529808662055
