job_num,n_fold,n_repeat,algorithm,rec,accuracy,sens,spec,bal_accuracy,roc_auc
11,1,2,glmnet,rec_active,0.6964364276286845,0.5769230769230769,0.6992345790184602,0.6380788279707685,0.6381394382294877
