job_num,n_fold,n_repeat,algorithm,rec,accuracy,sens,spec,bal_accuracy,roc_auc
49,9,5,glmnet,rec_active,0.8091709124594719,0.664,0.8180924287118977,0.7410462143559489,0.75592133726647
