job_num,n_fold,n_repeat,algorithm,rec,accuracy,sens,spec,bal_accuracy,roc_auc
68,8,7,glmnet,rec_active,0.7182320441988951,0.6639344262295082,0.7217763509898342,0.6928553886096711,0.7443272022384197
