job_num,n_fold,n_repeat,algorithm,rec,accuracy,sens,spec,bal_accuracy,roc_auc
25,5,3,glmnet,rec_active,0.7724324324324324,0.39759036144578314,0.7900396151669496,0.5938149883063664,0.68630378901003
