job_num,n_fold,n_repeat,algorithm,rec,accuracy,sens,spec,bal_accuracy,roc_auc
83,3,9,glmnet,rec_active,0.6032388663967612,0.4268292682926829,0.6192052980132451,0.523017283152964,0.5206448877402682
