job_num,n_fold,n_repeat,algorithm,rec,accuracy,sens,spec,bal_accuracy,roc_auc
88,8,9,glmnet,rec_active,0.6755113322277502,0.8048780487804879,0.6693688477127968,0.7371234482466423,0.809164348157668
