job_num,n_fold,n_repeat,algorithm,rec,accuracy,sens,spec,bal_accuracy,roc_auc
78,8,8,glmnet,rec_active,0.7761400276370336,0.2698412698412698,0.7912713472485768,0.5305563085449233,0.5890635824222162
