job_num,n_fold,n_repeat,algorithm,rec,accuracy,sens,spec,bal_accuracy,roc_auc
74,4,8,glmnet,rec_active,0.6982335623159961,0.5581395348837209,0.7077003666841278,0.6329199507839244,0.7248204141134812
