job_num,n_fold,n_repeat,algorithm,rec,accuracy,sens,spec,bal_accuracy,roc_auc
64,4,7,glmnet,rec_active,0.7422779922779923,0.5727272727272728,0.7517838939857289,0.6622555833565008,0.6904318413492726
