job_num,n_fold,n_repeat,algorithm,rec,accuracy,sens,spec,bal_accuracy,roc_auc
23,3,3,glmnet,rec_active,0.6530518586507572,0.4479166666666667,0.6625060009601537,0.5552113338134101,0.590824531925108
