job_num,n_fold,n_repeat,algorithm,rec,accuracy,sens,spec,bal_accuracy,roc_auc
65,5,7,glmnet,rec_active,0.710997442455243,0.4931506849315068,0.728579325594251,0.6108650052628789,0.6386257449434714
