job_num,n_fold,n_repeat,algorithm,rec,accuracy,sens,spec,bal_accuracy,roc_auc
67,7,7,glmnet,rec_active,0.7369146005509641,0.32,0.7467105263157895,0.5333552631578947,0.5422462406015037
