job_num,n_fold,n_repeat,algorithm,rec,accuracy,sens,spec,bal_accuracy,roc_auc
43,3,5,glmnet,rec_active,0.7530386740331492,0.43846153846153846,0.7773809523809524,0.6079212454212455,0.6431776556776557
