job_num,n_fold,n_repeat,algorithm,rec,accuracy,sens,spec,bal_accuracy,roc_auc
92,2,10,glmnet,rec_active,0.6425576519916143,0.5298507462686567,0.6510710259301015,0.5904608860993791,0.6467339177842467
