job_num,n_fold,n_repeat,algorithm,rec,accuracy,sens,spec,bal_accuracy,roc_auc
66,6,7,glmnet,rec_active,0.6844583987441131,0.5747126436781609,0.6896929824561403,0.6322028130671506,0.6823956442831216
