job_num,n_fold,n_repeat,algorithm,rec,accuracy,sens,spec,bal_accuracy,roc_auc
5,5,1,glmnet,rec_active,0.7280481685900653,0.5508474576271186,0.7392,0.6450237288135593,0.6988248587570621
