job_num,n_fold,n_repeat,algorithm,rec,accuracy,sens,spec,bal_accuracy,roc_auc
18,8,2,glmnet,rec_active,0.7591815320041972,0.5958904109589042,0.7727272727272727,0.6843088418430885,0.7527669676214197
