job_num,n_fold,n_repeat,algorithm,rec,accuracy,sens,spec,bal_accuracy,roc_auc
89,9,9,glmnet,rec_active,0.8258883248730965,0.24719101123595505,0.8532695374800638,0.5502302743580094,0.6697340047428753
