job_num,n_fold,n_repeat,algorithm,rec,accuracy,sens,spec,bal_accuracy,roc_auc
40,10,4,glmnet,rec_active,0.7015503875968992,0.45,0.7364438839848676,0.5932219419924338,0.6296099392410868
