job_num,n_fold,n_repeat,algorithm,rec,accuracy,sens,spec,bal_accuracy,roc_auc
72,2,8,glmnet,rec_active,0.5955056179775281,0.6046511627906976,0.5951219512195122,0.5998865570051048,0.6166874645490641
