job_num,n_fold,n_repeat,algorithm,rec,accuracy,sens,spec,bal_accuracy,roc_auc
85,5,9,glmnet,rec_active,0.7585123101100052,0.23423423423423423,0.7908787541713015,0.5125564942027678,0.5300909919931055
