job_num,n_fold,n_repeat,algorithm,rec,accuracy,sens,spec,bal_accuracy,roc_auc
51,1,6,glmnet,rec_active,0.709582102152807,0.6222222222222222,0.7130320315928038,0.667627126907513,0.7118473014480036
